{"cameraMode":{"drawMode":0,"name":"Shaded","section":"Shading Mode"},"sceneLighting":true,"audioPlay":false,"sceneViewState":{"showFog":true,"showMaterialUpdate":false,"showSkybox":true,"showFlares":true,"showImageEffects":true,"showParticleSystems":true},"in2DMode":false,"pivot":{"x":30.5566463470459,"y":-50.793601989746097,"z":53.50990295410156},"rotation":{"x":0.3227904736995697,"y":0.3254774808883667,"z":-0.11929114907979965,"w":0.8807044625282288},"size":125.44298553466797,"orthographic":false}