{"cameraMode":{"drawMode":0,"name":"Shaded","section":"Shading Mode"},"sceneLighting":true,"audioPlay":false,"sceneViewState":{"showFog":true,"showMaterialUpdate":false,"showSkybox":true,"showFlares":true,"showImageEffects":true,"showParticleSystems":true},"in2DMode":false,"pivot":{"x":1.4398193359375,"y":1.2880496978759766,"z":34.29303741455078},"rotation":{"x":0.14696936309337617,"y":0.3256910443305969,"z":-0.051326628774404529,"w":0.9325722455978394},"size":74.91763305664063,"orthographic":false}